tweet,id,name,location,topic,created_at,processed_on
@BrackenrichCurt @PGLocal4 My Brother got vaccinated and he DID get the shot and now 8 months to recover. We almostâ€¦ https://t.co/dNaXDOiNfL,1390079674512969735,Connie Dove,,JohnsonAndJohnsonVaccine,Wed May 05 23:03:15 +0000 2021,2021-05-05 19:14:08
"Please excuse the blurryness of the pictures but Iâ€™m officially #vaccinated 
#JohnsonAndJohnsonVaccine just have toâ€¦ https://t.co/TNAvEhIQxX",1390056831226191877,Brandi KaplunğŸ’™,"Middle of Nowhere, South WNY",JohnsonAndJohnsonVaccine,Wed May 05 21:32:29 +0000 2021,2021-05-05 19:14:08
Why some people still prefer the Johnson &amp; Johnson COVID-19 vaccine... https://t.co/lmd9qCtnLV #COVID19â€¦ https://t.co/pbaBZfXFv1,1390043778203881472,David Mills,"Walnut Creek, California",JohnsonAndJohnsonVaccine,Wed May 05 20:40:37 +0000 2021,2021-05-05 19:14:08
How should Canadians react to confusing information from #NACI regarding #vaccinesafety? Join us tonight as we takeâ€¦ https://t.co/pOcPkKk2RC,1390002201569923076,Nima Rajan,,JohnsonAndJohnsonVaccine,Wed May 05 17:55:24 +0000 2021,2021-05-05 19:14:08
"Caine says she's ""very confident"" in #JohnsonAndJohnsonVaccine, which she and Hogsett both received. She says FDA dâ€¦ https://t.co/j3VWL0SrSd",1389993325424435215,Eric Berman,"Indianapolis, IN",JohnsonAndJohnsonVaccine,Wed May 05 17:20:08 +0000 2021,2021-05-05 19:14:08
"I got my #JohnsonAndJohnsonVaccine  today and am going out for margaritas for #CincodeMayo2021
Canâ€™t wait to not knâ€¦ https://t.co/DlqzhDcS6B",1389991502441484290,Samantha Brahm,"Defiance, OH",JohnsonAndJohnsonVaccine,Wed May 05 17:12:53 +0000 2021,2021-05-05 19:14:08
"@peterdaou #JohnsonAndJohnsonVaccine  
I still feel some pain on my arm. One shot was good. Felt chill and weak onâ€¦ https://t.co/uh4KHO2vQX",1389983292234031107,Hatice_windy ğŸŒ¬ğŸŒ,,JohnsonAndJohnsonVaccine,Wed May 05 16:40:16 +0000 2021,2021-05-05 19:14:08
"Beginning today, only the #JohnsonAndJohnsonVaccine will be available at the @CityofTampa vaccination center at theâ€¦ https://t.co/RPsxb3hP0d",1389885475096342533,Gil Gonzalez,"Tampa, FL",JohnsonAndJohnsonVaccine,Wed May 05 10:11:34 +0000 2021,2021-05-05 19:14:08
"The #WesternCape reported 3 #Covid19 related deaths yesterday, increasing the province's death toll to 11 630. To dâ€¦ https://t.co/8ZXfuBNdyc",1389861392690421761,Smile90.4 FM,"Cape Town, South Africa",JohnsonAndJohnsonVaccine,Wed May 05 08:35:53 +0000 2021,2021-05-05 19:14:08
"#vaccinated Obviously with the name Jay, I would get the #JohnsonAndJohnsonVaccine even in #Greece ... unless it waâ€¦ https://t.co/n8mjCbfu11",1389859474450665472,Jay Leonard Schwartz,Nutopia,JohnsonAndJohnsonVaccine,Wed May 05 08:28:15 +0000 2021,2021-05-05 19:14:08
"#Patent_free_vaccine_and_medicine 
#promisesmade by @JoeBiden @POTUS before election.

#COVID19Vaccine 
@UNâ€¦ https://t.co/OS4yaZIavt",1389825014350811136,Anujit Ganguly,"Kolkata, India",JohnsonAndJohnsonVaccine,Wed May 05 06:11:19 +0000 2021,2021-05-05 19:14:08
"So this is what happening with everyone now. So don't worry you are in safe hands #GetVaccinated 
Friend:- how abouâ€¦ https://t.co/Cg0BRkcQu5",1389821438727659521,ğŸ©ºSamuelğŸ‘¨ğŸ»â€âš•ï¸#MaskUpIndia #GetVaccinated,"Guntur, INDIA ğŸ‡®ğŸ‡³",JohnsonAndJohnsonVaccine,Wed May 05 05:57:07 +0000 2021,2021-05-05 19:14:08
Zero side effects so far. Iâ€™ve kept hydrated and Iâ€™ve taken ibuprofen to stay ahead of anything. #GetVaccinatedâ€¦ https://t.co/0XrrczG3Nc,1389812299779608576,Kyle Clayton Gore,"Phoenix, AZ",JohnsonAndJohnsonVaccine,Wed May 05 05:20:48 +0000 2021,2021-05-05 19:14:08
"East Township, Michigan mom of four, 35, dies from brain blood clot 11 days after J&amp;J vaccineâ€¦ https://t.co/I0KGLxihD1",1389742320489099264,Scallywagandvagabond,"Manhattan, NYC",JohnsonAndJohnsonVaccine,Wed May 05 00:42:44 +0000 2021,2021-05-05 19:14:08
"Just two black kings telling it like it is 
Follow us @FreedomCagePod 
Instagram: https://t.co/Qif7S6SvrP

Check ouâ€¦ https://t.co/ZIdaumz1MJ",1389729742425890818,SenorLee,"Flatbush,Brooklyn",JohnsonAndJohnsonVaccine,Tue May 04 23:52:45 +0000 2021,2021-05-05 19:14:08
"HURWITZ: #JohnsonAndJohnsonVaccine Pause Proves What Government Gets Wrong About Risk

 https://t.co/LHCcJwpKMT",1389726093767233540,NH Journal,The Granite State,JohnsonAndJohnsonVaccine,Tue May 04 23:38:15 +0000 2021,2021-05-05 19:14:08
@PasadenaGov #janssen from #JohnsonAndJohnsonVaccine : I never vaccinated : 66% efficacy ? #AstraZeneca 50% againstâ€¦ https://t.co/vpb72FB0Sz,1389716275534909445,karamozov haters nÂ°2654,France,JohnsonAndJohnsonVaccine,Tue May 04 22:59:14 +0000 2021,2021-05-05 19:14:08
"#JohnsonAndJohnsonVaccine as if we didn't know
Benefits ""Do NOT OutWeigh Risk

https://t.co/eeVyfxi0lv",1389714182174560257,Dr.SteelMagnolia,Tennessee,JohnsonAndJohnsonVaccine,Tue May 04 22:50:55 +0000 2021,2021-05-05 19:14:08
"Tomorrow Iâ€™m getting my #CovidVaccine !!! Iâ€™m getting the #JohnsonAndJohnsonVaccine , how many of you actually hadâ€¦ https://t.co/ghEogfWzey",1389713390403194888,Brandi KaplunğŸ’™,"Middle of Nowhere, South WNY",JohnsonAndJohnsonVaccine,Tue May 04 22:47:46 +0000 2021,2021-05-05 19:14:08
"My husband and three adult sons got the #JohnsonAndJohnsonVaccine 
One son fell out ,flat on the floor busted his hâ€¦ https://t.co/ZfuaxGOc5S",1389710563060686849,Ginger,"Georgia , USA",JohnsonAndJohnsonVaccine,Tue May 04 22:36:32 +0000 2021,2021-05-05 19:14:08
"Tragic. 
 
The family of Anne VanGeest says the 35-year-old was healthy prior to being vaccinated, and that she dieâ€¦ https://t.co/sj0Z4vseT4",1389710247858778113,KrystalCat,,JohnsonAndJohnsonVaccine,Tue May 04 22:35:17 +0000 2021,2021-05-05 19:14:08
"Vaccinated AF! I did it! 
Thank you @MidwesternUniv! #JohnsonAndJohnsonVaccine #GetVaccinated https://t.co/o1KrGSElwX",1389708916821348353,Kyle Clayton Gore,"Phoenix, AZ",JohnsonAndJohnsonVaccine,Tue May 04 22:29:59 +0000 2021,2021-05-05 19:14:08
@mmpadellan #JohnsonAndJohnsonVaccine  One and done last month!,1389700794140696579,Heâ€™s Finally Gone,IN  â¤ï¸,JohnsonAndJohnsonVaccine,Tue May 04 21:57:43 +0000 2021,2021-05-05 19:14:08
Uh oh.  My arm suddenly very painful where I got the shot around 3 -4 weeks ago.   #JohnsonAndJohnsonVaccine,1389685357466112001,JJ aka FuriousBloom,"Yay Area, California",JohnsonAndJohnsonVaccine,Tue May 04 20:56:22 +0000 2021,2021-05-05 19:14:08
"If I grow an extra toe or eyeball, Iâ€™m slapping everybody at the CDC. #CovidVaccine #CDC #JohnsonAndJohnsonVaccine https://t.co/OPSA3ncZCo",1389660004320366595,Melanin Queen,,JohnsonAndJohnsonVaccine,Tue May 04 19:15:38 +0000 2021,2021-05-05 19:14:08
"Want to get vaccinated but couldn't set it up yet?

Go to https://t.co/QPMkAzrizz

Or text your zip code to 438829â€¦ https://t.co/dK5chbjvL3",1389652975853912067,Grow your hair! Smooth your skin!,"Bath City, MI",JohnsonAndJohnsonVaccine,Tue May 04 18:47:42 +0000 2021,2021-05-05 19:14:08
@acweyand any word on whether rare thrombosis to #JohnsonAndJohnsonVaccine could be from changes in menstrual cycleâ€¦ https://t.co/wh724epTbA,1389640021733519360,DrSossining,,JohnsonAndJohnsonVaccine,Tue May 04 17:56:14 +0000 2021,2021-05-05 19:14:08
Get vaccinated today and stand a chance of a picture with the 'more equal animal' #JohnsonAndJohnsonVaccine https://t.co/gkbWqgK3j1,1389636900898680832,Mzilawegaz'aw'landelwa,"Lublin, Poland",JohnsonAndJohnsonVaccine,Tue May 04 17:43:50 +0000 2021,2021-05-05 19:14:08
What Canadians should know about each authorized COVID-19 vaccine https://t.co/8ZiXpRkxv1 via @CTVNews #COVIDCanadaâ€¦ https://t.co/y6qxfHaahI,1389627210961588224,ğ•¿ğ–ğ–”ğ–’ğ–†ğ–˜Â·ç‹ ğŸ,"Vancouver æº«å“¥è¯, Canada åŠ æ‹¿å¤§ ğŸ‡¨ğŸ‡¦",JohnsonAndJohnsonVaccine,Tue May 04 17:05:19 +0000 2021,2021-05-05 19:14:08
"Here, we discuss some of the common misconceptions about side effects of the #JohnsonAndJohnsonVaccine https://t.co/4A1lqsBuxJ",1389598193797804034,Open Access Gov,,JohnsonAndJohnsonVaccine,Tue May 04 15:10:01 +0000 2021,2021-05-05 19:14:08
On the 7th I get my one-n-done Covid vax. It was to be on the 24th or something like that but with the temp recallâ€¦ https://t.co/XSem56WHcp,1389597580728877059,Sarra Rohr,"Princeton, Indiana",JohnsonAndJohnsonVaccine,Tue May 04 15:07:35 +0000 2021,2021-05-05 19:14:08
We are scheduling for Johnson and Johnson vaccinations tomorrow for anyone who wishes to have that vaccine insteadâ€¦ https://t.co/tU2NOsRaPq,1389597057338560515,Main Street Pharmacy,,JohnsonAndJohnsonVaccine,Tue May 04 15:05:30 +0000 2021,2021-05-05 19:14:08
"They're hoping you forgot
#vaccine #vaxhoax #hoax #covidhoax #covid #pfizer #moderna #astrazenecaâ€¦ https://t.co/eoZJlA7PY9",1389574045084143616,RagingOwl,,JohnsonAndJohnsonVaccine,Tue May 04 13:34:04 +0000 2021,2021-05-05 19:14:08
@euronews Weâ€™d like to fact-check the â€œfact-checkersâ€ #PfizerVaccine #ModernaVaccine #JohnsonAndJohnsonVaccine,1389536301507125251,ResistTheCriminalGlobalists,,JohnsonAndJohnsonVaccine,Tue May 04 11:04:05 +0000 2021,2021-05-05 19:14:08
Your #JohnsonAndJohnsonVaccine comes from here! #Leiden #LugdunumBatavorum https://t.co/ekJ0upN8jj,1389534304125005824,Dr. Î§Î¿Î´Î±Î´Î¬Î´Î¹Î¿Ï‚ Î¡ÎµÎ¶Î±Ï‡Î±Î½Î¯Î´Î·Ï‚ ğŸ‡®ğŸ‡¸ğŸ‡ªğŸ‡º,Itinerant Scholar ,JohnsonAndJohnsonVaccine,Tue May 04 10:56:09 +0000 2021,2021-05-05 19:14:08
Canada recommends #JohnsonAndJohnsonVaccine    for adults 30 and over. I took the #JohnsonAndJohnsonVaccine in Marcâ€¦ https://t.co/4wOqQc53ex,1389440052892217344,Dr Jeanette Robinson,United States - Ohio,JohnsonAndJohnsonVaccine,Tue May 04 04:41:37 +0000 2021,2021-05-05 19:14:08
What happens if you get all three of the #vaccines? Asking for a really good friendâ€¦ #ModernaVaccine #PfizerVaccineâ€¦ https://t.co/Z4nnU2K7PV,1389434886243586049,Nathan Riley,"Scottsdale, AZ",JohnsonAndJohnsonVaccine,Tue May 04 04:21:05 +0000 2021,2021-05-05 19:14:08
"The Covid situation is getting worse in India. I request govt to consider these vaccines (@pfizer, #Moderna,â€¦ https://t.co/kUmXhTX0Ek",1389426515817816067,Hetansh Pala,,JohnsonAndJohnsonVaccine,Tue May 04 03:47:50 +0000 2021,2021-05-05 19:14:08
IF U WANT TO KNOW HOW TO VACCINATE URSELF #VACCINATEYOURSELF W/O A PHARMACEUTICAL #COVIDVACCINE LIKE I GOTâ€¦ https://t.co/Zxu7qNClpA,1389418880758468610,Frederic Schultz Esq,"CALIFORNIA, USA",JohnsonAndJohnsonVaccine,Tue May 04 03:17:29 +0000 2021,2021-05-05 19:14:08
Is the #JohnsonAndJohnsonVaccine available again in Eastern Iowa?,1389395001948483590,Jaime Zaruba,,JohnsonAndJohnsonVaccine,Tue May 04 01:42:36 +0000 2021,2021-05-05 19:14:08
"Have you been #vaccinated?

#VaccineForAll #Moderna #PfizerVaccine #JohnsonAndJohnsonVaccine #ModernaVaccine #CovidVaccine #COVID19India",1389392798927962123,Kingstowne Striders,"Kingstowne, VA",JohnsonAndJohnsonVaccine,Tue May 04 01:33:51 +0000 2021,2021-05-05 19:14:08
@AmberBlumenkind J&amp;J is like faygo it is just as good as coke or Pepsi just no one admits it #COVID19 #vaccine #JohnsonAndJohnsonVaccine,1389378436674752512,Collin,,JohnsonAndJohnsonVaccine,Tue May 04 00:36:47 +0000 2021,2021-05-05 19:14:08
#JohnsonAndJohnsonVaccine is good to go for people 30+ fuck yeah buddy! I'll go book an appointment for a one shotâ€¦ https://t.co/UlbGl5Niob,1389374704796897281,AIP_Official | KING of Adventures | 11K STRONG!,Canada,JohnsonAndJohnsonVaccine,Tue May 04 00:21:57 +0000 2021,2021-05-05 19:14:08
#information on the #JohnsonAndJohnsonVaccine https://t.co/GcHr9cnisQ,1389372816609497089,Victor,,JohnsonAndJohnsonVaccine,Tue May 04 00:14:27 +0000 2021,2021-05-05 19:14:08
Danish health officials say the epidemiological situation in the country means it can do without the Johnson &amp; Johnâ€¦ https://t.co/1iPU2EXTdR,1389371902674673665,MalaysiaNow,"Kuala Lumpur, Malaysia ",JohnsonAndJohnsonVaccine,Tue May 04 00:10:49 +0000 2021,2021-05-05 19:14:08
Iâ€™m officially registered for my #COVID19Vaccine #JohnsonAndJohnsonVaccine Iâ€™m a little nervous(I hate shots)but Iâ€™â€¦ https://t.co/QKxw2p0cce,1389350157779619842,Brandi KaplunğŸ’™,"Middle of Nowhere, South WNY",JohnsonAndJohnsonVaccine,Mon May 03 22:44:25 +0000 2021,2021-05-05 19:14:08
Alright everyone serious question time. The J&amp;J vaccine is back and they have appointments available in my area. Doâ€¦ https://t.co/zltA1APmQH,1389344475613483014,Brandi KaplunğŸ’™,"Middle of Nowhere, South WNY",JohnsonAndJohnsonVaccine,Mon May 03 22:21:50 +0000 2021,2021-05-05 19:14:08
"I did a poll about this previously, but only got 1 vote. So I will do it again. 
Will you be getting the vaccine?â€¦ https://t.co/RtSU4as4KK",1389343991431237635,Jim Machine,California,JohnsonAndJohnsonVaccine,Mon May 03 22:19:54 +0000 2021,2021-05-05 19:14:08
National vaccine panel suggests the J&amp;J vaccine can be offered to those 30 and older  https://t.co/tWmHyaoZI1 viaâ€¦ https://t.co/LIN6kPFq7V,1389325217181274113,ğ•¿ğ–ğ–”ğ–’ğ–†ğ–˜Â·ç‹ ğŸ,"Vancouver æº«å“¥è¯, Canada åŠ æ‹¿å¤§ ğŸ‡¨ğŸ‡¦",JohnsonAndJohnsonVaccine,Mon May 03 21:05:18 +0000 2021,2021-05-05 19:14:08
@JustinTrudeau @fordnation you should send India our Johnson and Johnson vaccines. A single dose shot could potentiâ€¦ https://t.co/Rv12gyAAbi,1389324593404514307,Valy_013,,JohnsonAndJohnsonVaccine,Mon May 03 21:02:50 +0000 2021,2021-05-05 19:14:08
Johnson &amp; Johnson vaccine recommended for Canadians 30 and older despite risk of rare blood clots | CBC Newsâ€¦ https://t.co/6SQkacjdKZ,1389323470752780288,ğ•¿ğ–ğ–”ğ–’ğ–†ğ–˜Â·ç‹ ğŸ,"Vancouver æº«å“¥è¯, Canada åŠ æ‹¿å¤§ ğŸ‡¨ğŸ‡¦",JohnsonAndJohnsonVaccine,Mon May 03 20:58:22 +0000 2021,2021-05-05 19:14:08
@cuffedpant I would much prefer to have a pretty nurse pour talcum powder on my bottom than take a needle jab in myâ€¦ https://t.co/4BVqMe6Eh5,1389319157829705731,Donald McDonald (HeavyD),"Alberta, Canada",JohnsonAndJohnsonVaccine,Mon May 03 20:41:14 +0000 2021,2021-05-05 19:14:08
"Whatâ€™s the future of vaccines linked to rare clotting disorders? 

by @kakape &amp; @GretchenVogel1 
viaâ€¦ https://t.co/CnyFllDRwY",1389316625787142151,Chris Hendel,"Vermont, US",JohnsonAndJohnsonVaccine,Mon May 03 20:31:10 +0000 2021,2021-05-05 19:14:08
"#BREAKING
National vaccine panel suggests the J&amp;J vaccine can be offered to those 30 and older.
#COVID19â€¦ https://t.co/QiG3KCUFgH",1389292171094863872,CFAX1070,Victoria BC Canada,JohnsonAndJohnsonVaccine,Mon May 03 18:54:00 +0000 2021,2021-05-05 19:14:08
@SoSofieFatale @jtkstc Iâ€™m a #JohnsonAndJohnsonVaccine - One and Done- kind -::::: I received it a week before it was paused. ğŸ˜‚ #humblebrag,1389283007287250944,âœ¨Lady Lizâœ¨,"Pittsburgh, PA",JohnsonAndJohnsonVaccine,Mon May 03 18:17:35 +0000 2021,2021-05-05 19:14:08
"#BREAKING: Denmark to remove Johnson &amp; Johnson vaccines from program over blood clot fears ğŸ‡©ğŸ‡°

#CoronavirusVaccineâ€¦ https://t.co/C7EbpSu5OR",1389246148796424193,The North American,North America,JohnsonAndJohnsonVaccine,Mon May 03 15:51:07 +0000 2021,2021-05-05 19:14:08
COVID-19: Five things to know about the Johnson &amp; Johnson vaccine https://t.co/bRIUTCxL2E #COVIDVaccineâ€¦ https://t.co/SC3BAjgaoZ,1389232864022077446,ğ•¿ğ–ğ–”ğ–’ğ–†ğ–˜Â·ç‹ ğŸ,"Vancouver æº«å“¥è¯, Canada åŠ æ‹¿å¤§ ğŸ‡¨ğŸ‡¦",JohnsonAndJohnsonVaccine,Mon May 03 14:58:20 +0000 2021,2021-05-05 19:14:08
"Oh no. Denmark takes the J&amp;J vaccine out of the vaccination plan. #JohnsonAndJohnsonVaccine 
https://t.co/lEnYD33m3F",1389226661435031557,HelenS,Copenhagen,JohnsonAndJohnsonVaccine,Mon May 03 14:33:41 +0000 2021,2021-05-05 19:14:08
"Getting my vaccination today.
Never thought I'd be excited for a shot*, but here we are.
#CovidVaccineâ€¦ https://t.co/0IzvEZgjAh",1389204766467792899,Call Me Ducky. Ms. Ducky if you're nasty.,"Oklahoma, USA",JohnsonAndJohnsonVaccine,Mon May 03 13:06:41 +0000 2021,2021-05-05 19:14:08
@GovMurphy please let private Drâ€™s give the vaccine and more people will get vaccinated! #COVID19Vaccination #JohnsonAndJohnsonVaccine,1389193083078774788,dana stewart,,JohnsonAndJohnsonVaccine,Mon May 03 12:20:15 +0000 2021,2021-05-05 19:14:08
"EU Proposes End to Travel Restrictions for Vaccinated Tourists  
ğŸŒ³ğŸŒ³ğŸŒ³ğŸŒ³ğŸŒ³ğŸŒ³ğŸ¦ğŸ¦
#StaySafeStayHealthy #Pfizer #vaccinationâ€¦ https://t.co/iG6XItNpqb",1389154912681046016,Lewis Shaw,"London, England",JohnsonAndJohnsonVaccine,Mon May 03 09:48:35 +0000 2021,2021-05-05 19:14:08
"@Alexander_Tin @LanaZak @pfizer @moderna_tx @HHSGov What would your personal reaction be if, hypothetically, the coâ€¦ https://t.co/X3a0QQs4mG",1389123354720817154,bodaciousbrains,"San Diego, CA",JohnsonAndJohnsonVaccine,Mon May 03 07:43:11 +0000 2021,2021-05-05 19:14:08
"@Alexander_Tin @LanaZak @pfizer @moderna_tx @HHSGov Further, yes, you are correct that every #vaccine has a small pâ€¦ https://t.co/eIvLau0D8Y",1389121886248783875,bodaciousbrains,"San Diego, CA",JohnsonAndJohnsonVaccine,Mon May 03 07:37:20 +0000 2021,2021-05-05 19:14:08
"Health #Canada is set to pause the first batch of 300,000 Johnson &amp; Johnson #Covid19 jabs after learning that a parâ€¦ https://t.co/xoMvTtjpqt",1389121205844660225,The Newsmen,,JohnsonAndJohnsonVaccine,Mon May 03 07:34:38 +0000 2021,2021-05-05 19:14:08
#WallStreet sell on May buy on October or get ready for possible #crushmarket Invest in #crypto #ETC stocks##zillowâ€¦ https://t.co/KwXJA0emot,1389066546467770370,Butrint,"New York, USA",JohnsonAndJohnsonVaccine,Mon May 03 03:57:26 +0000 2021,2021-05-05 19:14:08
@KimCooper51 Fully vaccinated on 4/9. #JohnsonAndJohnsonVaccine,1389031873989554186,Debby Williams,New Jersey,JohnsonAndJohnsonVaccine,Mon May 03 01:39:40 +0000 2021,2021-05-05 19:14:08
"Day 2 following J &amp; J #CovidVaccine , arm still sore but starting to feel better!  ğŸ‘ #vaccinated #COVID19 #JohnsonAndJohnsonVaccine",1389008606377480197,End The Duopoly ğŸ”¥ğŸŒ¹ğŸ¬ğŸ¨â˜®â˜¯â™»ğŸ˜·ğŸŒ»ğŸŒ¼,In the middle of nowhere,JohnsonAndJohnsonVaccine,Mon May 03 00:07:12 +0000 2021,2021-05-05 19:14:08
"2021 memes in a nutshell. #JohnsonAndJohnsonVaccine 
#Evergreen https://t.co/UDkHdbL93T",1388984315002949634,The Manufactured Report,,JohnsonAndJohnsonVaccine,Sun May 02 22:30:41 +0000 2021,2021-05-05 19:14:08
Anyone else get any reactions a couple hours after their #JohnsonAndJohnsonVaccine? #Grateful that I donâ€™t have toâ€¦ https://t.co/0Rxck3hSm5,1388963069246779400,Awakened Exchanges,"Portland, Oregon",JohnsonAndJohnsonVaccine,Sun May 02 21:06:16 +0000 2021,2021-05-05 19:14:08
Got the #JohnsonAndJohnsonVaccine. All good.,1388937259198689281,PleasePassThePepper,,JohnsonAndJohnsonVaccine,Sun May 02 19:23:42 +0000 2021,2021-05-05 19:14:08
Visit the link below to see what the FDA and CDC have determined pertaining the #JohnsonAndJohnsonVaccine https://t.co/gxT811tHXf,1388911214076563456,TheBirminghamTimes,"Birmingham, AL",JohnsonAndJohnsonVaccine,Sun May 02 17:40:12 +0000 2021,2021-05-05 19:14:08
"Day after COVID 19 vaccine, no adverse side effects just very tired. #spoonie #ChronicLife #vaccine #JohnsonAndJohnsonVaccine",1388851261689274375,Haywood Lawrence,Connecticut,JohnsonAndJohnsonVaccine,Sun May 02 13:41:59 +0000 2021,2021-05-05 19:14:08
@plexusmd this makes sense...if they are talking about batches they should be able to prove it without all the poliâ€¦ https://t.co/mSiLk2TdXD,1388848350309634050,andrea,,JohnsonAndJohnsonVaccine,Sun May 02 13:30:24 +0000 2021,2021-05-05 19:14:08
"The J&amp;J vaccine isnâ€™t causing nausea and fainting, anxiety is
â€¢
#CovidVaccine #JohnsonAndJohnsonVaccine https://t.co/p6hDOe4APl",1388824613858254848,Neil ğŸ‡ºğŸ‡¸ â“‹ #StayHome #BLM,VaccinatedâœŒï¸ in Georgia,JohnsonAndJohnsonVaccine,Sun May 02 11:56:05 +0000 2021,2021-05-05 19:14:08
@DaxGigandet Just got my #JohnsonAndJohnsonVaccine yesterday. Ifb,1388696018229727233,Peg Shannon,Earth,JohnsonAndJohnsonVaccine,Sun May 02 03:25:06 +0000 2021,2021-05-05 19:14:08
"Let's talk about the blood clots aka thrombosis-thrombocytopenia syndrome caused by the J&amp;J vaccine. 

#vaccineâ€¦ https://t.co/XTPAweijrq",1388688412887162881,Generation Med,,JohnsonAndJohnsonVaccine,Sun May 02 02:54:52 +0000 2021,2021-05-05 19:14:08
"Welp, got my #JohnsonAndJohnsonVaccine yesterday and so far everything seems normal. Fingers crossed it stays that way.",1388658530895294474,Peg,Earth,JohnsonAndJohnsonVaccine,Sun May 02 00:56:08 +0000 2021,2021-05-05 19:14:08
#COVID19 #COVID19Vaccine #JohnsonandJohnson #JohnsonAndJohnsonVaccine  #AstraZeneca Cerebral venous thrombosis is 3â€¦ https://t.co/OrMhvepU2G,1388650995601887235,James,"iPhone: 40.886684,-73.340027",JohnsonAndJohnsonVaccine,Sun May 02 00:26:11 +0000 2021,2021-05-05 19:14:08
@B_K_Bass It depends on which shot you got. The #PfizerVaccine supposedly has 5G and complimentary body massage.â€¦ https://t.co/JvIsWQwsVY,1388629430872928256,Kurt Wagner,"California, USA",JohnsonAndJohnsonVaccine,Sat May 01 23:00:30 +0000 2021,2021-05-05 19:14:08
"24 hours after the #JohnsonAndJohnsonVaccine 
And I'm feeling decent. I'm told I have a fever, and I'm not super huâ€¦ https://t.co/ScS2szIeeu",1388620442014031872,Vaz Anzai ğŸ§ï¼¶ï¼¡ï¼ºï¼µï¼µï¼¬ğŸ§,"Pittsburgh, PA",JohnsonAndJohnsonVaccine,Sat May 01 22:24:47 +0000 2021,2021-05-05 19:14:08
"If the #Sputnikvaccine has the same delivery system as the #astrazenecavaccine and #JohnsonAndJohnsonVaccine
does iâ€¦ https://t.co/3kwKrlI5cx",1388615479410020353,caitcrafter,,JohnsonAndJohnsonVaccine,Sat May 01 22:05:04 +0000 2021,2021-05-05 19:14:08
"Did the #JohnsonAndJohnsonVaccine start a conversation about #WomensRights ? â¬‡ï¸

https://t.co/20QnYpCl87",1388577714106404864,Asher Center NU,"Chicago, IL",JohnsonAndJohnsonVaccine,Sat May 01 19:35:00 +0000 2021,2021-05-05 19:14:08
Because ACDC is awesome that's why! @crawfordsautorepair #acdc #cdc #covidvaccine #covidvaccination #phizervaccineâ€¦ https://t.co/PYMJtpojmx,1388508522158206976,Crawford's Auto Repair,"Mesa, Arizona 85210",JohnsonAndJohnsonVaccine,Sat May 01 15:00:03 +0000 2021,2021-05-05 19:14:08
Everyone has been talking about their vaccines and side effects. I got the one dose #JohnsonAndJohnsonVaccine rightâ€¦ https://t.co/2ZkOkcRROC,1388498858418839557,Kait,Colorado,JohnsonAndJohnsonVaccine,Sat May 01 14:21:39 +0000 2021,2021-05-05 19:14:08
"Iâ€™m just saying if @ChloeBailey is giving out vaccine shots, there would be a line a couple city blocks long.â€¦ https://t.co/U406LAw0AS",1388496254397820928,SenorLee,"Flatbush,Brooklyn",JohnsonAndJohnsonVaccine,Sat May 01 14:11:18 +0000 2021,2021-05-05 19:14:08
"I had mine March 23rd. Went out for brunch on Easter. Life has expanded ever since. ğŸ™Œ  #JohnsonAndJohnsonVaccine

Câ€¦ https://t.co/kLJMxF4uaR",1388470009798799362,Independent American Patriot â¤ğŸ‡ºğŸ‡¸ğŸ™,"Florida, USA",JohnsonAndJohnsonVaccine,Sat May 01 12:27:01 +0000 2021,2021-05-05 19:14:08
"#AstraZeneca 
my sister called her DR.  to enquire if she could be put on a list for the #JohnsonAndJohnsonVaccineâ€¦ https://t.co/q9V3egvdT1",1388444423894310918,Kavsie,yonder,JohnsonAndJohnsonVaccine,Sat May 01 10:45:21 +0000 2021,2021-05-05 19:14:08
"I'm dying. it's fine. im just transforming to ULTRA AUTISTIC MODE, right? #levelup  #covid19 #vaccinated #immunityâ€¦ https://t.co/UN5r2LKoLc",1388415165121634305,ğŸ’¥UltrağŸŒ¹Violet â­Rae,"Manassas, VA",JohnsonAndJohnsonVaccine,Sat May 01 08:49:05 +0000 2021,2021-05-05 19:14:08
"Good idea or not?ğŸ¤·ğŸ’‰
#vaccines 
#szczepienie 
#SzczepimySiÄ™ 
#szczepienia 
#majowka 
#vaccinatedâ€¦ https://t.co/DitwDGtTXU",1388404910899798020,Tomasz,"Katowice, Polska",JohnsonAndJohnsonVaccine,Sat May 01 08:08:20 +0000 2021,2021-05-05 19:14:08
First shot of covid vaccine taken named 'Covidshield'. Now is it necessary to take the same vaccine or can we changâ€¦ https://t.co/6L99L8yQ9y,1388396717876289538,Dipesh rajbhar,mumbai,JohnsonAndJohnsonVaccine,Sat May 01 07:35:47 +0000 2021,2021-05-05 19:14:08
"The @JNJCares vaccine is NOT just affecting WOMEN, this needs to be made clear! My MALE cousin ended up w/ blood clâ€¦ https://t.co/cK8XNbPrTj",1388372671616884740,SimplyChaCha-AliciaB,"Los Angeles, CA",JohnsonAndJohnsonVaccine,Sat May 01 06:00:14 +0000 2021,2021-05-05 19:14:08
"Apparantly, Johnson &amp; Johnsonâ€™s baby powder is way more dangerous than their Covid vaccine. #CovidVaccine #JohnsonAndJohnsonVaccine",1388351925976854529,Alan Farro,,JohnsonAndJohnsonVaccine,Sat May 01 04:37:48 +0000 2021,2021-05-05 19:14:08
"â€œDelay means #God is #planning.â€â€• ~Sw. Chidananda Tirtha
Planning we don't get ruined #vaccines. #VaccineShortage iâ€¦ https://t.co/apAPUnXP7A",1388336039396208643,Scholastica iet Intercultural Education & Training,ãƒ¦ãƒ‹ãƒãƒ¼ã‚¹,JohnsonAndJohnsonVaccine,Sat May 01 03:34:40 +0000 2021,2021-05-05 19:14:08
"Examination of what we know so far about the links between a rare type of blood #clot and
the #astrazenecavaccine aâ€¦ https://t.co/1713yFyzrB",1388335752715571200,The Telegraph Post,UK,JohnsonAndJohnsonVaccine,Sat May 01 03:33:32 +0000 2021,2021-05-05 19:14:08
"""#Canadians can be assured...#HealthCanada is taking all necessary steps to ensure...any products coming from thisâ€¦ https://t.co/fMwDJjrLe9",1388331256803303424,Scholastica iet Intercultural Education & Training,ãƒ¦ãƒ‹ãƒãƒ¼ã‚¹,JohnsonAndJohnsonVaccine,Sat May 01 03:15:40 +0000 2021,2021-05-05 19:14:08
Health Canada holding off on Johnson &amp; Johnson COVID-19 vaccine distribution | CBC News https://t.co/0i2fLE0WOHâ€¦ https://t.co/XC6PSxRbyM,1388324293914742786,ğ•¿ğ–ğ–”ğ–’ğ–†ğ–˜Â·ç‹ ğŸ,"Vancouver æº«å“¥è¯, Canada åŠ æ‹¿å¤§ ğŸ‡¨ğŸ‡¦",JohnsonAndJohnsonVaccine,Sat May 01 02:48:00 +0000 2021,2021-05-05 19:14:08
Health Canada holding J&amp;J COVID-19 vaccines over possible quality control issue https://t.co/bqVEusInc3 viaâ€¦ https://t.co/tOXul7tct6,1388324268296056834,ğ•¿ğ–ğ–”ğ–’ğ–†ğ–˜Â·ç‹ ğŸ,"Vancouver æº«å“¥è¯, Canada åŠ æ‹¿å¤§ ğŸ‡¨ğŸ‡¦",JohnsonAndJohnsonVaccine,Sat May 01 02:47:54 +0000 2021,2021-05-05 19:14:08
Williams has a #plan to get the inmates #vaccinated with the #JohnsonAndJohnsonVaccine.  A step in the right directâ€¦ https://t.co/Ihs24mvXxR,1388314278151737344,Peyton Jenkins,"Athens, GA",JohnsonAndJohnsonVaccine,Sat May 01 02:08:12 +0000 2021,2021-05-05 19:14:08
Anyone know if I can take #zzzquil 9 hours after getting the Johnson and Johnson covid vaccine ? #vaccineâ€¦ https://t.co/oG4DllnEK1,1388308040475152387,living tribunal,New York City,JohnsonAndJohnsonVaccine,Sat May 01 01:43:25 +0000 2021,2021-05-05 19:14:08
#JohnsonAndJohnsonVaccine on hold https://t.co/0PCnvarqBq via @torontostar,1388303579560226820,Fort,Saugeen Ojibway FN Trad Territ,JohnsonAndJohnsonVaccine,Sat May 01 01:25:41 +0000 2021,2021-05-05 19:14:08
4 hours after the #JohnsonAndJohnsonVaccine and still feel fine. No issues. Arm doesn't hurt. Tomorrow morning we wâ€¦ https://t.co/ISyAatltfW,1388282063057473536,Vaz Anzai ğŸ§ï¼¶ï¼¡ï¼ºï¼µï¼µï¼¬ğŸ§,"Pittsburgh, PA",JohnsonAndJohnsonVaccine,Sat May 01 00:00:11 +0000 2021,2021-05-05 19:14:09
"My 5-month lingering COVID symptoms (shortness of breath, heart racing) went away shortly after I got my vaccine.â€¦ https://t.co/aVFhBpzeVG",1388279290626813955,Jay K. Elemenopy,"Hagerstown, MD",JohnsonAndJohnsonVaccine,Fri Apr 30 23:49:10 +0000 2021,2021-05-05 19:14:09
"@emilynussbaum Congrats! I celebrated my two-week ""one and done"" #JohnsonAndJohnsonVaccine anniversary Sunday!",1388272074444054528,ddouglas,USA,JohnsonAndJohnsonVaccine,Fri Apr 30 23:20:30 +0000 2021,2021-05-05 19:14:09
Anybody took the #JohnsonAndJohnsonVaccine,1388256668849479683,ğŸ’ªğŸ¾Jonta_The black Doug Heffernan âœŠğŸ½âœŠğŸ½,"Dallas, TX",JohnsonAndJohnsonVaccine,Fri Apr 30 22:19:17 +0000 2021,2021-05-05 19:14:09
I got the #JohnsonAndJohnsonVaccine #oneanddone,1388253733885136898,Aaron is vaccinated!ğŸŒ¹,"Paradise, California, USA",JohnsonAndJohnsonVaccine,Fri Apr 30 22:07:37 +0000 2021,2021-05-05 19:14:09
I went to get my #SecondShot and was informed that I didnâ€™t need it because I had been given theâ€¦ https://t.co/4cCnLFADvX,1388230036898025472,Rachel,Connecticut/Massachusetts,JohnsonAndJohnsonVaccine,Fri Apr 30 20:33:27 +0000 2021,2021-05-05 19:14:09
"This is why I call the #JassenVaccine/#JohnsonAndJohnsonVaccine I received, the #NoMoreTearsVaccine:

https://t.co/ne09BbPsp2",1388218287952117760,Mark,"Massachusetts, USA",JohnsonAndJohnsonVaccine,Fri Apr 30 19:46:46 +0000 2021,2021-05-05 19:14:09
Wife came up with this one liner #JohnsonAndJohnsonVaccine #JohnsonandJohnson #COVID19  new johnson and Johnson vacâ€¦ https://t.co/yVaTmVGqLt,1388158130207567875,stephen east,"Cavan, ireland",JohnsonAndJohnsonVaccine,Fri Apr 30 15:47:43 +0000 2021,2021-05-05 19:14:09
"A new review on the use of the drug by the European Medicines Agency (EMA) is expected next week. 

#Finlandâ€¦ https://t.co/BASSX2nmji",1388148052817494017,Foreigner.fi,"Helsinki, Finland",JohnsonAndJohnsonVaccine,Fri Apr 30 15:07:40 +0000 2021,2021-05-05 19:14:09
"Fuck you, #Fauci. Youâ€™ll never put your hands on my granddaughter with a vaccine. Fuck you, @joebiden. Fuck you,â€¦ https://t.co/jeyBezAUeE",1388143817015103498,Barbara Ann,,JohnsonAndJohnsonVaccine,Fri Apr 30 14:50:51 +0000 2021,2021-05-05 19:14:09
"General Information of COVID-19 Vaccines.

#Day4 Johnson &amp; Johnsonâ€™s Janssen COVID-19 Vaccine JNJ-78436735 

(Sourcâ€¦ https://t.co/GV3k3u62Xf",1388090797837455361,COVID-Data.info,,JohnsonAndJohnsonVaccine,Fri Apr 30 11:20:10 +0000 2021,2021-05-05 19:14:09
Canadaâ€™s vaccine supply ramping up as Johnson &amp; Johnson shipment arrives https://t.co/POHDtvoTnd #COVIDCanadaâ€¦ https://t.co/3Sbej0GHy4,1387961122284732416,ğ•¿ğ–ğ–”ğ–’ğ–†ğ–˜Â·ç‹ ğŸ,"Vancouver æº«å“¥è¯, Canada åŠ æ‹¿å¤§ ğŸ‡¨ğŸ‡¦",JohnsonAndJohnsonVaccine,Fri Apr 30 02:44:53 +0000 2021,2021-05-05 19:14:09
"@DaystarJoni 
The information that you are reporting on #JoniTableTalk on #COVID19Vaccine is not accurate. I prayedâ€¦ https://t.co/uiyfblgOI9",1387935315143401473,Dr Jeanette Robinson,United States - Ohio,JohnsonAndJohnsonVaccine,Fri Apr 30 01:02:20 +0000 2021,2021-05-05 19:14:09
"ACHA says colleges should make #COVID19 vaccines mandatory as ""where state law and available resources allow""â€¦ https://t.co/HcrBRbMbfn",1387873156216541189,University Business,"Connecticut, USA",JohnsonAndJohnsonVaccine,Thu Apr 29 20:55:20 +0000 2021,2021-05-05 19:14:09
@AnitaOakville Thanks for your #COVID19vaccine #JohnsonandJohnsonvaccine procurement work. I appreciate it.,1387860959461404676,timethief (retired paralegal judicial assistant),"Salish Sea, B.C.",JohnsonAndJohnsonVaccine,Thu Apr 29 20:06:52 +0000 2021,2021-05-05 19:14:09
Officials trying to get folks to get that #COVID19Vaccine by any means necessary!! #jabsforjoints #Pfizerâ€¦ https://t.co/imdONt7FVo,1387854819197538307,Crazy America,"Binghamton, NY",JohnsonAndJohnsonVaccine,Thu Apr 29 19:42:28 +0000 2021,2021-05-05 19:14:09
Thank God! Loving my #JohnsonAndJohnsonVaccine !!!  3 weeks now!  Wooooo!!!!,1387836106616442880,Frederic Schultz Esq,"CALIFORNIA, USA",JohnsonAndJohnsonVaccine,Thu Apr 29 18:28:07 +0000 2021,2021-05-05 19:14:09
"Newflash: #Trump supports the vax. So claiming that anyone not wanting it is a ""Trumper"" is just stupid. 

I'm a Trâ€¦ https://t.co/ZhIfkglwpN",1387812742015295489,Kim Diedrich,,JohnsonAndJohnsonVaccine,Thu Apr 29 16:55:16 +0000 2021,2021-05-05 19:14:09
"68 doses of #COVID19 #JohnsonAndJohnsonVaccine still available at Rosehill Community Center in #Mukilteo today, walâ€¦ https://t.co/QFJHmT4WbK",1387806689999552513,Jennifer Gregerson,"Mukilteo, WA",JohnsonAndJohnsonVaccine,Thu Apr 29 16:31:13 +0000 2021,2021-05-05 19:14:09
"CDC Recommends Use of Johnson &amp; Johnsonâ€™s Janssen COVID-19 Vaccine Resume https://t.co/9NJaZW9zLi
#COVID19 #JandJâ€¦ https://t.co/Yt9UfIfquF",1387797051027636227,Laborers' Health & Safety Fund of North America,Washington D.C. ,JohnsonAndJohnsonVaccine,Thu Apr 29 15:52:55 +0000 2021,2021-05-05 19:14:09
Just got my #JohnsonAndJohnsonVaccine so now I need a new excuse to continue avoiding everyone for another year.,1387790720396931072,Exo,United States,JohnsonAndJohnsonVaccine,Thu Apr 29 15:27:46 +0000 2021,2021-05-05 19:14:09
Anyone else having patients test positive for #Covid_19 after receiving the #JohnsonAndJohnsonVaccine? Just admitteâ€¦ https://t.co/6CSb5lehq3,1387785492524113924,"Drue Bailey BSN, RN","Miami, FL",JohnsonAndJohnsonVaccine,Thu Apr 29 15:06:59 +0000 2021,2021-05-05 19:14:09
Got that J&amp;J vaccine appointment set!! Anyone have any intel on it if you've gotten it? Reactions negative or positâ€¦ https://t.co/fhPhDxz6Gh,1387785006924255233,RelaxationProfessional,"At the Beach, CA ",JohnsonAndJohnsonVaccine,Thu Apr 29 15:05:04 +0000 2021,2021-05-05 19:14:09
At first was hesitant about #COVIDVaccination but after prayer to #God I no longer fear it. Definitely doingâ€¦ https://t.co/tIZF6iwFAO,1387754406058266627,MsT,,JohnsonAndJohnsonVaccine,Thu Apr 29 13:03:28 +0000 2021,2021-05-05 19:14:09
Imagine having your head so deep in the sand that u would believe the #JohnsonAndJohnsonVaccine hurt only 6 peopleâ€¦ https://t.co/TlByC6PpWR,1387749592356294661,L3SSONLAST TACTICAL,Fort Worth TX,JohnsonAndJohnsonVaccine,Thu Apr 29 12:44:20 +0000 2021,2021-05-05 19:14:09
"Damn that #JohnsonAndJohnsonVaccine had me feeling every single emotion at once, except horny",1387741752325443593,Slugly,United States,JohnsonAndJohnsonVaccine,Thu Apr 29 12:13:11 +0000 2021,2021-05-05 19:14:09
"#SamuettaDrew: Pause Lifted on #JohnsonandJohnsonVaccine, Now What? #COVID19 https://t.co/v52tg34hTm https://t.co/164ijWYByG",1387738435884969988,TheBirminghamTimes,"Birmingham, AL",JohnsonAndJohnsonVaccine,Thu Apr 29 12:00:00 +0000 2021,2021-05-05 19:14:09
South Africa Resumes Giving J&amp;J Jabs to Health Care Workers https://t.co/tiAjyxwLVf #JohnsonAndJohnsonVaccine,1387724023249920001,NPOReportsğŸ‡³ğŸ‡¬,Nigeria,JohnsonAndJohnsonVaccine,Thu Apr 29 11:02:44 +0000 2021,2021-05-05 19:14:09
Been some problems with the #JohnsonAndJohnsonVaccine. About one in a million women git blood clots. Much too riskyâ€¦ https://t.co/v3VCo9eGX5,1387719771576229890,joe mack arthee,,JohnsonAndJohnsonVaccine,Thu Apr 29 10:45:50 +0000 2021,2021-05-05 19:14:09
"Gettin' vaccinated ğŸ’£
#CovidVaccine #CovidVaccine #JohnsonAndJohnsonVaccine https://t.co/mRqavO7Gzw",1387689714925375489,Warren Volkwyn,"Cape Town, South Africa",JohnsonAndJohnsonVaccine,Thu Apr 29 08:46:24 +0000 2021,2021-05-05 19:14:09
@NATO @CanadaNATO #JohnsonAndJohnsonVaccine thank you for bringing me this gift. I bought this shirt hoping to wearâ€¦ https://t.co/OXqtREWhGT,1387683321472331781,Reshmi Kutty,"Brussels, Belgium",JohnsonAndJohnsonVaccine,Thu Apr 29 08:21:00 +0000 2021,2021-05-05 19:14:09
"Hill got the #JohnsonAndJohnsonVaccine, I got the #PfizerVaccine, and today Leo got his #ModernaVaccine. Unintentioâ€¦ https://t.co/ktBOeq4yG0",1387655486858690566,ğšœğšğšğš™ğš‘ğšŠğš—ğš’ğš ğšğšœğšŒğš˜ğš‹ğšŠğš› ğšğšŠğš–ğš’ğš•ğšŠğš—ğš,"San Francisco, CA",JohnsonAndJohnsonVaccine,Thu Apr 29 06:30:24 +0000 2021,2021-05-05 19:14:09
"@marsroverdriver I got the ""one and done"" #JohnsonAndJohnsonVaccine . Celebrated my two-week anniversary Sunday. Soâ€¦ https://t.co/ti9NKIrgLt",1387651274745663488,ddouglas,USA,JohnsonAndJohnsonVaccine,Thu Apr 29 06:13:39 +0000 2021,2021-05-05 19:14:09
I've been following the #JohnsonAndJohnsonVaccine story carefully and feel confident recommending it not just to myâ€¦ https://t.co/ibnfxB4JpK,1387612840022917120,Max Cooper MD,Pennsylvania,JohnsonAndJohnsonVaccine,Thu Apr 29 03:40:56 +0000 2021,2021-05-05 19:14:09
3) The #JohnsonAndJohnsonVaccine has been a particular target of concern recently. You should know that the blood câ€¦ https://t.co/D06tov3JlY,1387611416060891138,Max Cooper MD,Pennsylvania,JohnsonAndJohnsonVaccine,Thu Apr 29 03:35:16 +0000 2021,2021-05-05 19:14:09
"#JointAddress #JointSession 
â€Go get vaccinated, Americaâ€
Me: We canâ€™t if #JohnsonAndJohnsonVaccine is killing people LMFAO",1387579472203984896,Hunty // Lucifer,"West Point, New York",JohnsonAndJohnsonVaccine,Thu Apr 29 01:28:20 +0000 2021,2021-05-05 19:14:09
"Those who took the J&amp;J vaccine might have to take Pfizer or Moderna in the future..

You're not fully protected froâ€¦ https://t.co/PBOu69KnOb",1387555600146464768,#1 Trey Lance Fan #TreyArea,"San Francisco, CA",JohnsonAndJohnsonVaccine,Wed Apr 28 23:53:29 +0000 2021,2021-05-05 19:14:09
"If #DonaldTrump wouldâ€™ve suspended the use of the #JohnsonAndJohnsonVaccine, #Democrats wouldâ€™ve accused him of kilâ€¦ https://t.co/10Bsbfnqj9",1387546795723698181,The Conservatude,"Texas, USA",JohnsonAndJohnsonVaccine,Wed Apr 28 23:18:30 +0000 2021,2021-05-05 19:14:09
A shipment of the Johnson &amp; Johnson vaccine arrives at Pearson Airport in Toronto. Photography for @Reutersâ€¦ https://t.co/eD7wkcAH18,1387501637342842888,Carlos Osorio,"Toronto, Ontario",JohnsonAndJohnsonVaccine,Wed Apr 28 20:19:03 +0000 2021,2021-05-05 19:14:09
Please get #vaccinated It's 1 decision u won't regret. My family got #Moderna #Pfizer &amp; #JohnsonAndJohnsonVaccine wâ€¦ https://t.co/v7DZ0Uu0Aq,1387498800458080256,Mandy Samra,Cali,JohnsonAndJohnsonVaccine,Wed Apr 28 20:07:47 +0000 2021,2021-05-05 19:14:09
My dad wants the J&amp;J vaccine. Mom the moderna vaccine. My husband the Pfizer vaccine. My uncle took both does of Coâ€¦ https://t.co/bdMUKhVcut,1387495973082083335,Nilima Bhattacharjee,Earth,JohnsonAndJohnsonVaccine,Wed Apr 28 19:56:33 +0000 2021,2021-05-05 19:14:09
@crymear22 @flottfitness @DrTomFrieden Itâ€™s interesting how itâ€™s seems that every famous &amp;/or person in power is doâ€¦ https://t.co/KQ5fgTPO03,1387466628829380608,TheysaiddatğŸ†˜ğŸŒğŸ˜·,"New York, USA",JohnsonAndJohnsonVaccine,Wed Apr 28 17:59:56 +0000 2021,2021-05-05 19:14:09
Updated recommendations from @CDCgov and @US_FDA on the benefits of resuming the use of #JohnsonAndJohnsonVaccine.â€¦ https://t.co/ECgcWEbJ4w,1387459596629921792,Global Commission for Post-Pandemic Policy (GCPPP),,JohnsonAndJohnsonVaccine,Wed Apr 28 17:32:00 +0000 2021,2021-05-05 19:14:09
First J&amp;J COVID-19 vaccines to arrive in Canada Wednesday https://t.co/oFnMsBGMOc via @CTVNews #COVIDCanadaâ€¦ https://t.co/8nDv9SdjfK,1387453687744712713,ğ•¿ğ–ğ–”ğ–’ğ–†ğ–˜Â·ç‹ ğŸ,"Vancouver æº«å“¥è¯, Canada åŠ æ‹¿å¤§ ğŸ‡¨ğŸ‡¦",JohnsonAndJohnsonVaccine,Wed Apr 28 17:08:31 +0000 2021,2021-05-05 19:14:09
"@moutet @afneil @unherd What happened to the #JohnsonAndJohnsonVaccine drama ğŸ¤”

Oh, my bad. No propaganda hit job tâ€¦ https://t.co/Z5b1W3DFNu",1387451497093414915,Tony Montanaâ„¢ ğŸ´ó §ó ¢ó ¥ó ®ó §ó ¿ ğŸ‡¬ğŸ‡§ âœ â˜© â˜®ï¸ âš–ï¸ ğŸŒ¿â™ ğŸ˜,Blighty,JohnsonAndJohnsonVaccine,Wed Apr 28 16:59:49 +0000 2021,2021-05-05 19:14:09
@white0775 @CFRAOttawa So far also #PfizerVaccine  and #JohnsonAndJohnsonVaccine can also cause blood clots....,1387447759020638210,Ron Ashtar,,JohnsonAndJohnsonVaccine,Wed Apr 28 16:44:57 +0000 2021,2021-05-05 19:14:09
"When will Honda be vaccinating their workers?
@HondaCanadaMfg

@HondaCanada

@mppjimwilson

@TerryDowdallâ€¦ https://t.co/vQSSmeC8ur",1387438849559830533,lindawinda,,JohnsonAndJohnsonVaccine,Wed Apr 28 16:09:33 +0000 2021,2021-05-05 19:14:09
"#Brazil needs  #vaccine we knew and still know of #JohnsonAndJohnsonVaccine lack of shared solid info. Covid,â€¦ https://t.co/8lwYDbIdUW",1387420183816441858,por las ramas...nop!,Panama,JohnsonAndJohnsonVaccine,Wed Apr 28 14:55:23 +0000 2021,2021-05-05 19:14:09
"Johnson &amp; Johnson Covid-19 Vaccine: Europeans &amp; US Monitoring Flag SEVERE Safety Issues, Deathsâ€¦ https://t.co/0RchmhHLEj",1387415116040245252,Cabin Talk / Claudia,,JohnsonAndJohnsonVaccine,Wed Apr 28 14:35:15 +0000 2021,2021-05-05 19:14:09
The Mississippi Department of Health is allowing usage of the Johnson and Johnson coronavirus vaccine to resume. Thâ€¦ https://t.co/fnGk0cVKKg,1387400789908332545,MSPublicBroadcasting,"Jackson, MS",JohnsonAndJohnsonVaccine,Wed Apr 28 13:38:19 +0000 2021,2021-05-05 19:14:09
"#Wednesday headlines:
-MKE resumes #JohnsonAndJohnsonVaccine
-Cedarburg schools keep mask mandate indoors
-@POTUS tâ€¦ https://t.co/BU5ruuVsyZ",1387371139769458689,Suzanne Spencer,"Milwaukee, WI",JohnsonAndJohnsonVaccine,Wed Apr 28 11:40:30 +0000 2021,2021-05-05 19:14:09
"16+ hours post-vaccination: left shoulder is very sore. Feels like a deep tissue bruise. Slight headache, but thatâ€¦ https://t.co/VkxGQafaOQ",1387366228377878531,Meidas Mike *Abolish The Filibuster*,"Texas, USA",JohnsonAndJohnsonVaccine,Wed Apr 28 11:20:59 +0000 2021,2021-05-05 19:14:09
How can you say #vaccines r #safe when people r dying from #bloodclots after receiving it? They had no prior issueâ€¦ https://t.co/A3lb6vyawg,1387366218374451202,cocahogany,,JohnsonAndJohnsonVaccine,Wed Apr 28 11:20:57 +0000 2021,2021-05-05 19:14:09
"The US has now lifted its pause on the administration of the Johnson &amp; Johnson single-dose vaccine. 

Find out theâ€¦ https://t.co/OLM3smp25D",1387332830670196738,eMega Blog,Kolkata,JohnsonAndJohnsonVaccine,Wed Apr 28 09:08:16 +0000 2021,2021-05-05 19:14:09
@GMB @ranvir01 @susannareid100 @adilray Excuse my naivety BUT could @pfizer #AstraZeneca #JohnsonAndJohnsonVaccineâ€¦ https://t.co/9klr59nbAD,1387274983752310784,wengrzikova,UK,JohnsonAndJohnsonVaccine,Wed Apr 28 05:18:25 +0000 2021,2021-05-05 19:14:09
"Welcome news!
US looking at joint production of J&amp;J vaccine in India #JNJVaccine
https://t.co/rPi4IZaHOP",1392339765450592257,Dr Gaurav Luthra,"Dehradun, India",JnJVaccine ,Wed May 12 04:44:03 +0000 2021,2021-05-13 11:43:01
"Did my part today... #vaccinationdoneâœ”ï¸ #vaccinate #jnjvaccine #athensga #georgiaonmymind 
05-10-21 https://t.co/tlJLYIDWwU",1391955815574212608,Alicia Castro,"Athens, GA",JnJVaccine ,Tue May 11 03:18:22 +0000 2021,2021-05-13 11:43:01
@KateClancy I got the #JNJvaccine the first week of April. My cycle has lasted 14 days now! This is crazy!,1391830898916667395,Yolanda Nichelle,The D(etroit)!,JnJVaccine ,Mon May 10 19:01:59 +0000 2021,2021-05-13 11:43:01
#JnJvaccine #JNJ Yes this is TMI. Any women out there experiencing #menstrual flow changes since receiving theâ€¦ https://t.co/TDZtGvTUh7,1391779581212958724,Yolanda Nichelle,The D(etroit)!,JnJVaccine ,Mon May 10 15:38:04 +0000 2021,2021-05-13 11:43:01
"@WestCapeHealth Leadership received the #COVID19 #JnJvaccine. #Leadingfromthefront 
#LetOurActionsCount https://t.co/oPrJyx7Bm0",1390951538898710532,HACCSA - Health Advocacy & Clinical Compliance SA,,JnJVaccine ,Sat May 08 08:47:44 +0000 2021,2021-05-13 11:43:01
WHY GET THE VACCINE IF IT DOESNT KEEP YOU SAFE FROM GETTING THE VIRUS ğŸ¤” #CovishieldVaccine #vaccine #modernavaccineâ€¦ https://t.co/WxfvzAyMDY,1392849216779784194,Nephthys ğŸ’€ğŸ–¤,"Utica,N.Y",JohnsonAndJohnsonVaccine ,Thu May 13 14:28:25 +0000 2021,2021-05-13 11:43:03
Johnson &amp; Johnson are paying for the @Spolitik campaigns apparently. Our Danish goverment...... #lockdown #COVID19â€¦ https://t.co/zpG7KF48od,1392848235493052420,Lu,Danmark,JohnsonAndJohnsonVaccine ,Thu May 13 14:24:31 +0000 2021,2021-05-13 11:43:03
"#Norway advised to drop Oxford/#astrazeneca and #JohnsonAndJohnsonVaccine from #CovidVaccine program. 
Neither viraâ€¦ https://t.co/AWztnWp0ow",1392845301355057163,Joel Gomes,"Toronto, Ontario",JohnsonAndJohnsonVaccine ,Thu May 13 14:12:52 +0000 2021,2021-05-13 11:43:03
"Nearly 72 hours later and still in misery from the #JohnsonAndJohnsonVaccine 
Experiencing: exhaustion, nausea, nonâ€¦ https://t.co/eOjQEDi8bK",1392843497225527296,Brocopolis,Krakoa,JohnsonAndJohnsonVaccine ,Thu May 13 14:05:42 +0000 2021,2021-05-13 11:43:03
Can someone tell me why #FDA  have not fully approved #PfizerVaccine  #Moderna? And well I understand whyâ€¦ https://t.co/8fmjqXqqVs,1392841368133718019,Ms. Shell,,JohnsonAndJohnsonVaccine ,Thu May 13 13:57:14 +0000 2021,2021-05-13 11:43:03
"I got that vaxx ğŸ˜Š
Apparently they ran out of J&amp;J shortly after I had my appointment so I got super lucky 
#JohnsonAndJohnsonVaccine",1392840927941595143,jellyg0d,Johto,JohnsonAndJohnsonVaccine ,Thu May 13 13:55:29 +0000 2021,2021-05-13 11:43:03
"Iâ€™m popular, fun &amp; always the life of the party

Iâ€™ll wear anything in public, inc silk PJs.
For the right fee

I lâ€¦ https://t.co/oxFIbnkSrZ",1392837207266758665,Duchess Moaning MarkleğŸ‘¸ğŸ½ğŸ’«ğŸ‡ºğŸ‡¸ (parody),,JohnsonAndJohnsonVaccine ,Thu May 13 13:40:42 +0000 2021,2021-05-13 11:43:03
"#JohnsonAndJohnsonVaccine: More than five million doses to arrive in #Libya 
https://t.co/7GIBlJVit2",1392836982049435648,COVID-19 Africa Watch,,JohnsonAndJohnsonVaccine ,Thu May 13 13:39:48 +0000 2021,2021-05-13 11:43:03
"@ASlavitt @kharyp I want it lower but that really is great news.

#TeamPfizer #modernagang #JohnsonAndJohnsonVaccine",1392836827782946816,DianneğŸ‡ºğŸ‡¸,"Tri-Cities, WA",JohnsonAndJohnsonVaccine ,Thu May 13 13:39:12 +0000 2021,2021-05-13 11:43:03
"So the Norwegian government decided to:
- ban Astrazeneca permanently 
- put Johnson on hold
- vaccinate age groupâ€¦ https://t.co/mBkocO4TdK",1392835209398267906,Chris Of The North ğŸ³ï¸â€ğŸŒˆ,,JohnsonAndJohnsonVaccine ,Thu May 13 13:32:46 +0000 2021,2021-05-13 11:43:03
"If you don't post a #vaccine pic on social media, do you really gain #Immunity?

#COVID19 #Pfizer #Modernaâ€¦ https://t.co/Q8sU5E5mWj",1392830534083092481,Jan Phil,,JohnsonAndJohnsonVaccine ,Thu May 13 13:14:11 +0000 2021,2021-05-13 11:43:03
Get vaccinated with any vaccine available in your locality. Do not run behind a particular brand. Guys its Vaccineâ€¦ https://t.co/fgm0dn5ouN,1392822339272798208,Ayush Varshney,,JohnsonAndJohnsonVaccine ,Thu May 13 12:41:37 +0000 2021,2021-05-13 11:43:03
"@CNBC 1. still JOHNSON &amp; JOHNSON MUCH better than SINOVAC (May 12, 2021; 17:14 EDT) #JOHNSONANDJOHNSONVACCINE #JOHNSONANDJOHNSON",1392809646151241728,ActivistBowen (now FULLY VACCINATED!),Hong Kong,JohnsonAndJohnsonVaccine ,Thu May 13 11:51:11 +0000 2021,2021-05-13 11:43:03
"US #CDC  Says 28 Cases Of Blood Clot Disorder Linked To #JohnsonAndJohnsonVaccine 
https://t.co/C6WyhvpSGh",1392797050245316608,Kalinga TV,"Odisha, India",JohnsonAndJohnsonVaccine ,Thu May 13 11:01:08 +0000 2021,2021-05-13 11:43:03
To my understanding there may not be much difference in #JohnsonAndJohnsonVaccine &amp; #AstraZenaca. Both have similarâ€¦ https://t.co/EiOifdmRQO,1392770685647212544,Dr Tariq Tramboo,Srinagar kashmir ,JohnsonAndJohnsonVaccine ,Thu May 13 09:16:22 +0000 2021,2021-05-13 11:43:03
Approve more vaccines. #PfizerVaccine #modrenavaccine #Sinopharm #SputnikV #JohnsonAndJohnsonVaccine #Covaxinâ€¦ https://t.co/I3Xn8LmLwv,1392768930398175232,Ajay Singh,University of Hyderabad,JohnsonAndJohnsonVaccine ,Thu May 13 09:09:24 +0000 2021,2021-05-13 11:43:03
"#US #CDC finds more clotting cases after #JohnsonAndJohnsonVaccine  , sees causal link

https://t.co/b1bMYZUfSw",1392763494949216261,Snow Leapord,,JohnsonAndJohnsonVaccine ,Thu May 13 08:47:48 +0000 2021,2021-05-13 11:43:03
"My idea is gaining traction!
Let's do this! #JohnsonAndJohnsonVaccine 
1 and done. No follow up required. https://t.co/9VnMJYhjyt",1392761497298763776,Pfizer Elite! Even StevensğŸ‘ˆğŸ»ğŸ¤·â€â™‚ï¸ğŸ‘‰ğŸ»,,JohnsonAndJohnsonVaccine ,Thu May 13 08:39:51 +0000 2021,2021-05-13 11:43:03
Which COVID-19 vaccine is good? Spoiler: they all are! Check out this great video below to see what I meanâ€¦ https://t.co/NYX7wxLl5j,1392613392842641418,athen neale,"Toronto, Ontario",JohnsonAndJohnsonVaccine ,Wed May 12 22:51:21 +0000 2021,2021-05-13 11:43:03
"ğŸ‡«ğŸ‡·ğŸ’‰ğŸ˜·France's health regulator confirms decision to limit AstraZeneca vaccine to only people over 55 here, and saysâ€¦ https://t.co/gQjA98Jxgj",1392534651663683585,Stuart Norval,"Paris, France",JohnsonAndJohnsonVaccine ,Wed May 12 17:38:27 +0000 2021,2021-05-13 11:43:03
Heroes of Howard County ğŸ’•ğŸ§‘â€ğŸš’Thank you @HCDFRS &amp; @HoCoHealth for delivering the #oneshot #JohnsonAndJohnsonVaccineâ€¦ https://t.co/Tj2lgJrD6t,1392531702766096387,Angela H Dale,,JohnsonAndJohnsonVaccine ,Wed May 12 17:26:44 +0000 2021,2021-05-13 11:43:03
"Slowly getting back out there! Thank you #JohnsonAndJohnsonVaccine 
#pandemic https://t.co/dIg1dLJ59X",1392520381706104834,Brian Waite,Seattle,JohnsonAndJohnsonVaccine ,Wed May 12 16:41:45 +0000 2021,2021-05-13 11:43:03
"1.2 / 100.000 women sAEs

So we should not use #JohnsonAndJohnsonVaccine in healthy individuals. https://t.co/QTRelIScPs",1392519737553399810,Florian,Germany,JohnsonAndJohnsonVaccine ,Wed May 12 16:39:11 +0000 2021,2021-05-13 11:43:03
"Covid-19:  To avoid delay in procuring of vaccines at this time, please ask who can supply how much and get them..?â€¦ https://t.co/UjR8YubofO",1392515988969594880,chandan das,,JohnsonAndJohnsonVaccine ,Wed May 12 16:24:18 +0000 2021,2021-05-13 11:43:03
"Listen to Grumpy Chacha vs Boring Baboo: Episode 19 â€“  Happy Dada and I Take Vaccinations into our own hands 
 ğŸ’‰ğŸ§¬â€¦ https://t.co/yuh2gZVbOl",1392514783098851329,Grumpy ChachağŸ˜¡,,JohnsonAndJohnsonVaccine ,Wed May 12 16:19:30 +0000 2021,2021-05-13 11:43:03
This vaccine took less than 1 year to develop? Polio took 49 years. Chicken pockets took 11 years. Mumps took aboutâ€¦ https://t.co/UlM4lGnzEh,1392499683491188736,JimBeam@cool,Planet Earth,JohnsonAndJohnsonVaccine ,Wed May 12 15:19:30 +0000 2021,2021-05-13 11:43:03
Second #vaccine...shot....done.  #Pfizer by the way. Though I would have preferred the #JohnsonAndJohnsonVaccine .â€¦ https://t.co/ndjjfvinDM,1392499087572885505,Markowenh,East Coast,JohnsonAndJohnsonVaccine ,Wed May 12 15:17:08 +0000 2021,2021-05-13 11:43:03
This vaccine took less than 1 year to develop? Polio took 49 years. Chicken pockets took 11 years. Mumps took aboutâ€¦ https://t.co/mK7cKrFWES,1392498654867509248,JimBeam@cool,Planet Earth,JohnsonAndJohnsonVaccine ,Wed May 12 15:15:25 +0000 2021,2021-05-13 11:43:03
"WHO: Indian Covid-19 variant found in 44 countries
#WeStandWithPalestine #IsraelUnderAttack #matura2021â€¦ https://t.co/iMejU9QpMs",1392493488491532291,Zdrowie i piÄ™kno,"Poland, Warsaw",JohnsonAndJohnsonVaccine ,Wed May 12 14:54:53 +0000 2021,2021-05-13 11:43:03
"On the news, they discuss the known issues w/the #johnsonandjohnsonvaccine &amp; the demand for it dropped significantlâ€¦ https://t.co/mOznfLuDHB",1392439934326382594,Tyneka,"Orlando, FL",JohnsonAndJohnsonVaccine ,Wed May 12 11:22:05 +0000 2021,2021-05-13 11:43:03
"On the news, they discuss the known issues w/the #johnsonandjohnsonvaccine &amp; the demand for it dropped significantlâ€¦ https://t.co/ES4lAgKuhY",1392438608867610625,Tyneka,"Orlando, FL",JohnsonAndJohnsonVaccine ,Wed May 12 11:16:49 +0000 2021,2021-05-13 11:43:03
9hrs: Chills/sweats gone for now. Aching is minimal. Head is still migrainey (it is too a word). More tired than usâ€¦ https://t.co/ODyFzqe2rM,1392320757930151936,Candi McCann,"Current: AZ Prev: HI, KS, CT",JohnsonAndJohnsonVaccine ,Wed May 12 03:28:31 +0000 2021,2021-05-13 11:43:03
"What happened to those 300k doses of J&amp;J vaccines in Canada? 
#vaccines #JohnsonAndJohnsonVaccine #Canada #cndpoli",1392296146962370564,Poli-tick,,JohnsonAndJohnsonVaccine ,Wed May 12 01:50:43 +0000 2021,2021-05-13 11:43:03
8 days and counting since @HSELive asked the question about using #JohnsonAndJohnsonVaccine in those under 50. Stilâ€¦ https://t.co/4b3Qqe2gmk,1392248176808284166,Dave Harrington,,JohnsonAndJohnsonVaccine ,Tue May 11 22:40:06 +0000 2021,2021-05-13 11:43:03
Why #ModiGovernment is not inviting #moderna #JohnsonAndJohnsonVaccine and other vaccine companies in india to setuâ€¦ https://t.co/qU5K29evcI,1392199553768513538,pratik chopade,"Mumbai, India",JohnsonAndJohnsonVaccine ,Tue May 11 19:26:54 +0000 2021,2021-05-13 11:43:03
"Here, we discuss some of the common misconceptions about side effects of the #JohnsonAndJohnsonVaccine https://t.co/4A1lqsBuxJ",1392140188361633798,Open Access Gov,,JohnsonAndJohnsonVaccine ,Tue May 11 15:31:00 +0000 2021,2021-05-13 11:43:03
"@OPHENetwork @OttawaHealth 
Any #JohnsonAndJohnsonVaccine in @ottawacity Nepean Sportsplex or City Hall?
I want toâ€¦ https://t.co/vCQ9FYlxnh",1392130172736917504,Bobo,,JohnsonAndJohnsonVaccine ,Tue May 11 14:51:12 +0000 2021,2021-05-13 11:43:03
Dr. David Kessler of the WH Covid Response Team: all the data support the basic proposition that these vaccines areâ€¦ https://t.co/0PyaapMHpJ,1392126672984489985,lisa mirando,"Executive Producer, CNN ",JohnsonAndJohnsonVaccine ,Tue May 11 14:37:17 +0000 2021,2021-05-13 11:43:03
"Nearly 2 weeks after my one and done #JohnsonAndJohnsonVaccine, I've not yet ever been hungry. I eat on a timed schâ€¦ https://t.co/Av2e8rAWLT",1392126030756917251,Vaz Anzai ğŸ§ï¼¶ï¼¡ï¼ºï¼µï¼µï¼¬ğŸ§,"Pittsburgh, PA",JohnsonAndJohnsonVaccine ,Tue May 11 14:34:44 +0000 2021,2021-05-13 11:43:03
Pop-Up #vaccine site #TODAY at @elcentrony! #PfizerVaccine &amp; #JohnsonAndJohnsonVaccine . #COVIDVaccinationâ€¦ https://t.co/AI0Tf8toEH,1392121792244944897,EdwinaFrancesMartin,"Staten Island, NY",JohnsonAndJohnsonVaccine ,Tue May 11 14:17:54 +0000 2021,2021-05-13 11:43:03
Polio. Virus ID'd in 1908 by Karl Landsteiner. Vaccine developed by Jonas Salk in 1955. 47 years to cure. J&amp;J couldâ€¦ https://t.co/Dpn5w0mpBT,1392114571629010944,JimBeam@cool,Planet Earth,JohnsonAndJohnsonVaccine ,Tue May 11 13:49:12 +0000 2021,2021-05-13 11:43:03
"""#Pfizer is the only one ofÂ the three #COVID19 #vaccines availableÂ that has this emergency use authorization for miâ€¦ https://t.co/C6F5VrVdtv",1392111154793615361,Part Of Sherman Oaks,"Sherman Oaks, CA",JohnsonAndJohnsonVaccine ,Tue May 11 13:35:38 +0000 2021,2021-05-13 11:43:03
#MedTwitter : took my kid for her 6 mo #vaccine. Mentioned to nurse I got my #JohnsonAndJohnsonVaccine yesterday. Sâ€¦ https://t.co/kJJwz7tvr6,1392107975653871626,Dr Xanthe Hunt,"geneva, kisumu, stellenbosch..",JohnsonAndJohnsonVaccine ,Tue May 11 13:23:00 +0000 2021,2021-05-13 11:43:03
Today I got #vaccinated for #COVID19 with the #johnsonandjohnsonvaccine https://t.co/fLMRantp0w,1392052841536278531,Misha Daya,South Africa,JohnsonAndJohnsonVaccine ,Tue May 11 09:43:55 +0000 2021,2021-05-13 11:43:03
@themrs805 My whole adult family got the #JohnsonAndJohnsonVaccine with absolutely no issues.,1391823334845845508,Debby Williams,New Jersey,JohnsonAndJohnsonVaccine ,Mon May 10 18:31:56 +0000 2021,2021-05-13 11:43:03
@NYGovCuomo is increasing incentives for people to get their vaccinations. Now offering free 7 day metro card is yoâ€¦ https://t.co/n0yP5BQYQl,1391782921363763204,Karina Dale Gerry,"Utica, NY",JohnsonAndJohnsonVaccine ,Mon May 10 15:51:21 +0000 2021,2021-05-13 11:43:03
Thought Iâ€™m coming for a consultation; but now Iâ€™m getting the vaccine ğŸ‘€ #vaccine #JohnsonAndJohnsonVaccineâ€¦ https://t.co/HRoMlmcHPo,1391757636987719682,Lisette Lombard,,JohnsonAndJohnsonVaccine ,Mon May 10 14:10:52 +0000 2021,2021-05-13 11:43:03
"@Blacks4Peace @GlenFordBAR @MSF_USA @LouisProyect1 @africasacountry
The Geopolitics of Vaccine Apartheidâ€¦ https://t.co/ylI3OvZ64a",1391755649739001857,Jim Brash,"Parsippany,  NJ",JohnsonAndJohnsonVaccine ,Mon May 10 14:02:59 +0000 2021,2021-05-13 11:43:03
#GetVaccinated it's safe ğŸ˜·ğŸ’‰ğŸ‘ğŸ½ #TheUnbiasedScience #Moderna #Pfizer #PfizerBiontech #JohnsonAndJohnsonVaccineâ€¦ https://t.co/GqRDmT1rvd,1391749843467517952,Curlytopqtâ¤,Chicago,JohnsonAndJohnsonVaccine ,Mon May 10 13:39:54 +0000 2021,2021-05-13 11:43:03
@Novavax I'm liking what I'm hearing about this vaccine so far. Way better than @moderna_tx @pfizer and def way betâ€¦ https://t.co/1wKqYTbWfE,1391748453470982148,DMXFORLIFE,,JohnsonAndJohnsonVaccine ,Mon May 10 13:34:23 +0000 2021,2021-05-13 11:43:03
"Iâ€™m trying to figure out why @publix is giving out this #JohnsonAndJohnsonVaccine, but itâ€™s led to blood clots in pâ€¦ https://t.co/WHsVnp1y5K",1391742763511779328,Evangelist Laâ€™Queasha,"E. St. Louis âœˆï¸ Miami, FL",JohnsonAndJohnsonVaccine ,Mon May 10 13:11:46 +0000 2021,2021-05-13 11:43:03
Crazy. #coronavirus #Covid_19 #covid #COVID19 #corona #phizer #phizervaccine #medications #vaccine #vaccinationâ€¦ https://t.co/iDmcWKbpOo,1391739805491294211,Alex Cabrales,"Phoenix, AZ",JohnsonAndJohnsonVaccine ,Mon May 10 13:00:01 +0000 2021,2021-05-13 11:43:03
"#Experts points out â€˜serious #sideeffectsâ€™ of #AstraZeneca, #JohnsonAndJohnsonVaccine 
In #Norway, five cases of seâ€¦ https://t.co/oLiJzSsz7n",1391716522389876738,Daily Times,Pakistan,JohnsonAndJohnsonVaccine ,Mon May 10 11:27:30 +0000 2021,2021-05-13 11:43:03
"Germany lifts priority limits to offer Johnson&amp;Johnson jabs to all: Minister

#BreakingNews #covidjabs #JohnsonAndJohnsonVaccine",1391672141431468032,AlShorts,"Dubai Marina, Dubai",JohnsonAndJohnsonVaccine ,Mon May 10 08:31:09 +0000 2021,2021-05-13 11:43:03
After seeing all the conspiracy theories pan out I'm definitely waiting another year for the live attenuated vaccinâ€¦ https://t.co/h5ILuZfRMV,1391610944686542848,kyle mockeridge,,JohnsonAndJohnsonVaccine ,Mon May 10 04:27:58 +0000 2021,2021-05-13 11:43:03
Warriors guard Damion Lee confirms that he suffered a rare 'breakthrough case' of COVID https://t.co/zNQUwlw9sX viaâ€¦ https://t.co/ILGgFIZ9Ux,1391506447964393472,Andrew C.,San Francisco,JohnsonAndJohnsonVaccine ,Sun May 09 21:32:44 +0000 2021,2021-05-13 11:43:03
Facebook Independent fact-checkers funded by vaccine manufacturer Johnson and Johnson https://t.co/37yC47DE1eâ€¦ https://t.co/sTQ8qApPYS,1391483053852200964,Raw News,UK,JohnsonAndJohnsonVaccine ,Sun May 09 19:59:47 +0000 2021,2021-05-13 11:43:03
I am selfish and donâ€™t care about others #Moderna #modernavaccine #Pfizer #PfizerVaccine #AstraZenecaâ€¦ https://t.co/FNPXSizOES,1391424546650140675,Purps,Canada,JohnsonAndJohnsonVaccine ,Sun May 09 16:07:17 +0000 2021,2021-05-13 11:43:03
"Beginning May 19, fans at @CitiField and @yankeestadium will be able to receive the #JohnsonAndJohnsonVaccine on-siâ€¦ https://t.co/ufa5kM0rAJ",1391407821640675329,SportTechie,Intersection of sports & tech.,JohnsonAndJohnsonVaccine ,Sun May 09 15:00:50 +0000 2021,2021-05-13 11:43:03
"We are delighted to report that with individual consent &amp; following full health, safety and risk assessment, our enâ€¦ https://t.co/cVQ8vrh6ET",1391352576218603521,Synergy Marine Group,Singapore,JohnsonAndJohnsonVaccine ,Sun May 09 11:21:18 +0000 2021,2021-05-13 11:43:03
"Will this strategy work for #CdnPoli too? 

""...smorgasbord-of-shots strategy could be key to the next stage of theâ€¦ https://t.co/qPGWe0sJ2K",1391222195360256008,Surkhab Peerzada,"Toronto, Turtle Island",JohnsonAndJohnsonVaccine ,Sun May 09 02:43:13 +0000 2021,2021-05-13 11:43:03
Is it ironic that I survived #COVID19 and the #JohnsonAndJohnsonVaccine only to be taken out by a Chinese rocket faâ€¦ https://t.co/pmncEBPuT3,1391219630102831105,Zack Varela,"Houston, TX",JohnsonAndJohnsonVaccine ,Sun May 09 02:33:02 +0000 2021,2021-05-13 11:43:03
"Here, we discuss some of the common misconceptions about side effects of the #JohnsonAndJohnsonVaccine https://t.co/4A1lqsBuxJ",1391053024735502346,Open Access Gov,,JohnsonAndJohnsonVaccine ,Sat May 08 15:31:00 +0000 2021,2021-05-13 11:43:03
@Lovelife2801 What about pictures of us at the ER or at one of the many doctors appointments that we have to go toâ€¦ https://t.co/aSrdGgtUAz,1391028702339760137,MICHELLE,"California, USA",JohnsonAndJohnsonVaccine ,Sat May 08 13:54:21 +0000 2021,2021-05-13 11:43:03
"#JohnsonAndJohnsonVaccine #Walmart 

Thank you for possibly saving my life.

Every day I come in contact with hundrâ€¦ https://t.co/lQbOZUOBeu",1391022274078298119,Brian Burgess,Princeton West Virginia ,JohnsonAndJohnsonVaccine ,Sat May 08 13:28:48 +0000 2021,2021-05-13 11:43:03
"So I came out COVID negative, but I wonder why Iâ€™m sick ğŸ¤’ after a month taking the #JohnsonAndJohnsonVaccine",1390941588248010754,Kevin Sanchez,,JohnsonAndJohnsonVaccine ,Sat May 08 08:08:11 +0000 2021,2021-05-13 11:43:03
"@TuckerCarlson which have you taken the #PfizerVaccine or the #ModernaVaccine , or the #JohnsonAndJohnsonVaccine?",1390855311343460357,Silvia Comfort,"Illinois, USA",JohnsonAndJohnsonVaccine ,Sat May 08 02:25:21 +0000 2021,2021-05-13 11:43:03
if the #Jamaican homeless and mentally ill (like me) get the #JohnsonAndJohnsonVaccine WE will DIE among with the Dâ€¦ https://t.co/7cDgGoI5NJ,1390823220111200258,Fail Boss,,JohnsonAndJohnsonVaccine ,Sat May 08 00:17:50 +0000 2021,2021-05-13 11:43:03
How the Adenovirus Vaccine (Johnson &amp; Johnson) works #fyp #adenovirus #vaccine #johnsonandjohnsonâ€¦ https://t.co/03G1PIZQQB,1390768992260874242,Cristina SÃ¡nchez,"Madrid, Comunidad de Madrid",JohnsonAndJohnsonVaccine ,Fri May 07 20:42:21 +0000 2021,2021-05-13 11:43:03
Just got my #JohnsonAndJohnsonVaccine and I'm craving #oreos all on a sudden. Are you craving oreos too @BillGates?â€¦ https://t.co/xfsoukaXEO,1390749443352301582,Senescent Millennial,Where all the threads converge,JohnsonAndJohnsonVaccine ,Fri May 07 19:24:40 +0000 2021,2021-05-13 11:43:03
"Y'all, the #oneanddone from #JohnsonAndJohnsonVaccine is #donedidgot
My arm already feels angry with me. Well it caâ€¦ https://t.co/MNzsJAIFLA",1390723023175626755,Sarra Rohr,"Princeton, Indiana",JohnsonAndJohnsonVaccine ,Fri May 07 17:39:41 +0000 2021,2021-05-13 11:43:03
Roll out the #JohnsonAndJohnsonVaccine ğŸ‘ŒğŸ‘ŒğŸ‘ŒğŸ‘Œ@paulreiddublin,1390566867933204480,Pinky #JollyRoger #PeoplePower,Ireland,JohnsonAndJohnsonVaccine ,Fri May 07 07:19:11 +0000 2021,2021-05-13 11:43:03
Like I said wish me luck. #JohnsonAndJohnsonVaccine ##GoodNightTwitterWorld,1390556131504779264,Janely Barragan,United States,JohnsonAndJohnsonVaccine ,Fri May 07 06:36:31 +0000 2021,2021-05-13 11:43:03
Almost 4000 #Americans have died after taking #CovidVaccines (FYI 203 died after getting the influenza shot in 2019â€¦ https://t.co/ofx1MWcqwm,1390510111442051072,VA for Term Limits,"Virginia, USA",JohnsonAndJohnsonVaccine ,Fri May 07 03:33:39 +0000 2021,2021-05-13 11:43:03
BAN Johnson and Johnson  products in INDIA if they donâ€™t provide VACCINE.. @PMOIndia @CNBCTV18News @rsprasad @WHOâ€¦ https://t.co/VxtgIGbi3L,1390509896001462278,PeaceAndLove,India,JohnsonAndJohnsonVaccine ,Fri May 07 03:32:48 +0000 2021,2021-05-13 11:43:03
@CDCgov @US_FDA are there any studies being done about young women on birth control and the link to clotting with tâ€¦ https://t.co/SFzK2YCljO,1390495802888364033,Briana Ghaffery,,JohnsonAndJohnsonVaccine ,Fri May 07 02:36:48 +0000 2021,2021-05-13 11:43:03
29 hours post #JohnsonAndJohnsonVaccine and almost all side effects are gone. My arm is still a little sore but thaâ€¦ https://t.co/NoVD3qEbEr,1390465401881047042,Brandi KaplunğŸ’™,"Middle of Nowhere, South WNY",JohnsonAndJohnsonVaccine ,Fri May 07 00:36:00 +0000 2021,2021-05-13 11:43:03
"@johnpavlovitz I got the Johnson and Johnson ,even with the risks because Iâ€™m so violently allergic to medicationsâ€¦ https://t.co/EzGTQQWtTv",1390440127927918592,Dale Clancy,,JohnsonAndJohnsonVaccine ,Thu May 06 22:55:34 +0000 2021,2021-05-13 11:43:03
How bout a shot and a beer? Anyone over 21 can visit 'The Reach' at the Kennedy Center until 8PM tonight and getâ€¦ https://t.co/rKACoIVpk2,1390407858303479813,angie goff,"Washington, DC",JohnsonAndJohnsonVaccine ,Thu May 06 20:47:20 +0000 2021,2021-05-13 11:43:03
Today my 25 y/o daughter received her first dose of Pfizer.  My 21 y/o son and I received the moderna and my husbanâ€¦ https://t.co/Vs1um4ndfn,1390398112624103426,ğŸŒ±jimberlyfarmsğŸŒ±,"Connecticut, USA",JohnsonAndJohnsonVaccine ,Thu May 06 20:08:37 +0000 2021,2021-05-13 11:43:03
"Vaccination is blessing! Here is the proof!

More stamps inside! Have a look!
https://t.co/04qADQChwo
Free market,â€¦ https://t.co/3qbKMTA6PV",1390396914496016385,The Phillatelist,Athens,JohnsonAndJohnsonVaccine ,Thu May 06 20:03:51 +0000 2021,2021-05-13 11:43:03
"CDC Reports Most J&amp;J Vaccine Side Effects Are 'Nonserious,' 17 Cases Of Blood Clot Condition. @CNN 

#COVID19â€¦ https://t.co/k6vlFuG1ND",1390396009050787849,"Antiqua N. Smart, DNP, NP-BC, PHNA-BCâœï¸ âš•ï¸","Louisiana, USA",JohnsonAndJohnsonVaccine ,Thu May 06 20:00:15 +0000 2021,2021-05-13 11:43:03
Woke libs hate the rich and their money but are willing to put billions and trillions into the pockets of Big Pharmâ€¦ https://t.co/LsWdxu22Gx,1390395100744888320,not named,"Buffalo, NY",JohnsonAndJohnsonVaccine ,Thu May 06 19:56:38 +0000 2021,2021-05-13 11:43:03
Newsfeed Now: CDC investigating womanâ€™s death after Johnson &amp; Johnson vaccine; lobster escapes dinner plate to liviâ€¦ https://t.co/5MyLYYJyLI,1390347327131590660,Amy Phillips,"Chicopee, MA",JohnsonAndJohnsonVaccine ,Thu May 06 16:46:48 +0000 2021,2021-05-13 11:43:03
"Even when brushing your teeth, you should be thinking about #LGBTQIA. They want u thinking about them when u wake uâ€¦ https://t.co/VU32p8B8vo",1390345540567633924,Hillarisms,,JohnsonAndJohnsonVaccine ,Thu May 06 16:39:42 +0000 2021,2021-05-13 11:43:03
Sarah Susanna(@barnesy911) on TikTok: Todayâ€™s update. #johnsonandjohnsonvaccine #covid19 #covidvaccineâ€¦ https://t.co/pHvcRE2cVC,1390337887426777089,Missy,Canada,JohnsonAndJohnsonVaccine ,Thu May 06 16:09:18 +0000 2021,2021-05-13 11:43:03
18 hours post #JohnsonAndJohnsonVaccine and Iâ€™m not feeling great. A day of not feeling good is definitely worth being vaccinated.,1390291657245999107,Brandi KaplunğŸ’™,"Middle of Nowhere, South WNY",JohnsonAndJohnsonVaccine ,Thu May 06 13:05:36 +0000 2021,2021-05-13 11:43:03
"#JohnsonAndJohnsonVaccine
is being given to the most vulnerable - 

Austin O'Carroll HSE",1390285103553814532,RTÃ‰ News at One,Ireland,JohnsonAndJohnsonVaccine ,Thu May 06 12:39:33 +0000 2021,2021-05-13 11:43:03
"The first doses of #JohnsonAndJohnsonVaccine have been administered to people who are homeless today.

Austin O'Carâ€¦ https://t.co/pMTw0sreuF",1390284985832194048,RTÃ‰ News at One,Ireland,JohnsonAndJohnsonVaccine ,Thu May 06 12:39:05 +0000 2021,2021-05-13 11:43:03
Another one bites the dustâ€¦#JohnsonAndJohnsonVaccine.   https://t.co/mUiA0SyP3T,1390282627987304450,Dog-Faced Pony Soldier,"Las Cruces, NM",JohnsonAndJohnsonVaccine ,Thu May 06 12:29:43 +0000 2021,2021-05-13 11:43:03
What is fun is anti vaxxers bullshiting meanwhile me and the lady weâ€™re the first to get either shots. She was in Jâ€¦ https://t.co/wAfTLpm0CB,1390226196894523395,TheWildmanWillie,earth ,JohnsonAndJohnsonVaccine ,Thu May 06 08:45:29 +0000 2021,2021-05-13 11:43:03
"Vaccine is an only hope. Wait time is too long, must act now.  #VaccineForAll #VaccineShortage @USAIDâ€¦ https://t.co/M5aHEbIdKn",1390181168356679681,Suman R Timsina,Virginia (USA),JohnsonAndJohnsonVaccine ,Thu May 06 05:46:33 +0000 2021,2021-05-13 11:43:03
What is the difference between mRNA and viral vector-based vaccines? https://t.co/hRCh78bw4v via @CTVNews #COVID19â€¦ https://t.co/Mh7XPVg3rk,1390127849755996160,ğ•¿ğ–ğ–”ğ–’ğ–†ğ–˜Â·ç‹ ğŸ,"Vancouver æº«å“¥è¯, Canada åŠ æ‹¿å¤§ ğŸ‡¨ğŸ‡¦",JohnsonAndJohnsonVaccine ,Thu May 06 02:14:41 +0000 2021,2021-05-13 11:43:03
https://t.co/h9ygE9mU7p totally! #JnJ #JohnsonAndJohnsonVaccine all the way!!  One month!! Wooooo! #reopen! #RECALLnewsom! #fred4ca!,1390098405796417538,Frederic Schultz Esq,"CALIFORNIA, USA",JohnsonAndJohnsonVaccine ,Thu May 06 00:17:41 +0000 2021,2021-05-13 11:43:03
@PesachOsina One shot ğŸ’‰#JohnsonAndJohnsonVaccine,1390096563310039041,Jake Adler,New York State ,JohnsonAndJohnsonVaccine ,Thu May 06 00:10:22 +0000 2021,2021-05-13 11:43:03
@BrackenrichCurt @PGLocal4 My Brother got vaccinated and he DID get the shot and now 8 months to recover. We almostâ€¦ https://t.co/dNaXDOiNfL,1390079674512969735,Connie Dove,,JohnsonAndJohnsonVaccine ,Wed May 05 23:03:15 +0000 2021,2021-05-13 11:43:03
